-- MySQL dump 10.13  Distrib 5.5.46, for debian-linux-gnu (x86_64)
--
-- Host: 0.0.0.0    Database: pset7
-- ------------------------------------------------------
-- Server version	5.5.46-0ubuntu0.14.04.2

/*!40101 SET @OLD_CHARACTER_SET_CLIENT=@@CHARACTER_SET_CLIENT */;
/*!40101 SET @OLD_CHARACTER_SET_RESULTS=@@CHARACTER_SET_RESULTS */;
/*!40101 SET @OLD_COLLATION_CONNECTION=@@COLLATION_CONNECTION */;
/*!40101 SET NAMES utf8 */;
/*!40103 SET @OLD_TIME_ZONE=@@TIME_ZONE */;
/*!40103 SET TIME_ZONE='+00:00' */;
/*!40014 SET @OLD_UNIQUE_CHECKS=@@UNIQUE_CHECKS, UNIQUE_CHECKS=0 */;
/*!40014 SET @OLD_FOREIGN_KEY_CHECKS=@@FOREIGN_KEY_CHECKS, FOREIGN_KEY_CHECKS=0 */;
/*!40101 SET @OLD_SQL_MODE=@@SQL_MODE, SQL_MODE='NO_AUTO_VALUE_ON_ZERO' */;
/*!40111 SET @OLD_SQL_NOTES=@@SQL_NOTES, SQL_NOTES=0 */;

--
-- Table structure for table `history`
--

DROP TABLE IF EXISTS `history`;
/*!40101 SET @saved_cs_client     = @@character_set_client */;
/*!40101 SET character_set_client = utf8 */;
CREATE TABLE `history` (
  `id` int(10) unsigned NOT NULL AUTO_INCREMENT,
  `user_id` int(10) unsigned NOT NULL,
  `type` char(4) CHARACTER SET swe7 NOT NULL,
  `symbol` varchar(255) CHARACTER SET swe7 NOT NULL,
  `shares` int(10) NOT NULL,
  `price` int(10) NOT NULL,
  `datentime` timestamp NOT NULL DEFAULT CURRENT_TIMESTAMP ON UPDATE CURRENT_TIMESTAMP,
  PRIMARY KEY (`id`)
) ENGINE=InnoDB AUTO_INCREMENT=20 DEFAULT CHARSET=latin1;
/*!40101 SET character_set_client = @saved_cs_client */;

--
-- Dumping data for table `history`
--

LOCK TABLES `history` WRITE;
/*!40000 ALTER TABLE `history` DISABLE KEYS */;
INSERT INTO `history` VALUES (9,9,'BUY','FB',15,125,'0000-00-00 00:00:00'),(10,9,'SELL','FB',15,125,'2016-08-28 10:40:32'),(11,9,'SELL','FB',15,125,'2016-08-28 10:42:35'),(12,9,'BUY','GOOG',14,770,'2016-08-28 10:45:38'),(13,9,'BUY','GB',15,31,'2016-08-28 11:47:18'),(14,9,'BUY','ABC',154,86,'2016-08-28 11:47:34'),(15,9,'BUY','ABB',10,22,'2016-08-28 11:48:00'),(16,14,'BUY','FB',50,125,'2016-08-28 12:39:05'),(17,9,'BUY','FB',10,125,'2016-08-29 10:16:15'),(18,9,'SELL','FB',10,125,'2016-08-29 10:16:23'),(19,9,'BUY','GOOG',1,767,'2016-09-01 01:17:18');
/*!40000 ALTER TABLE `history` ENABLE KEYS */;
UNLOCK TABLES;

--
-- Table structure for table `portfolio`
--

DROP TABLE IF EXISTS `portfolio`;
/*!40101 SET @saved_cs_client     = @@character_set_client */;
/*!40101 SET character_set_client = utf8 */;
CREATE TABLE `portfolio` (
  `id` int(10) unsigned NOT NULL AUTO_INCREMENT,
  `user_id` int(10) unsigned NOT NULL,
  `symbol` varchar(255) NOT NULL,
  `shares` int(10) NOT NULL,
  PRIMARY KEY (`id`),
  UNIQUE KEY `id` (`id`),
  UNIQUE KEY `user_id` (`user_id`,`symbol`)
) ENGINE=InnoDB AUTO_INCREMENT=19 DEFAULT CHARSET=latin1;
/*!40101 SET character_set_client = @saved_cs_client */;

--
-- Dumping data for table `portfolio`
--

LOCK TABLES `portfolio` WRITE;
/*!40000 ALTER TABLE `portfolio` DISABLE KEYS */;
INSERT INTO `portfolio` VALUES (2,17,'GOOG',40),(3,2,'FB',65),(4,5,'GOOG',75),(5,9,'GOOG',86),(8,9,'FB',395),(12,19,'FB',10),(15,9,'GB',15),(16,9,'ABC',154),(17,9,'ABB',10),(18,14,'FB',50);
/*!40000 ALTER TABLE `portfolio` ENABLE KEYS */;
UNLOCK TABLES;

--
-- Table structure for table `users`
--

DROP TABLE IF EXISTS `users`;
/*!40101 SET @saved_cs_client     = @@character_set_client */;
/*!40101 SET character_set_client = utf8 */;
CREATE TABLE `users` (
  `id` int(10) unsigned NOT NULL AUTO_INCREMENT,
  `username` varchar(255) NOT NULL,
  `hash` varchar(255) NOT NULL,
  `cash` decimal(65,4) unsigned NOT NULL DEFAULT '0.0000',
  PRIMARY KEY (`id`),
  UNIQUE KEY `username` (`username`)
) ENGINE=InnoDB AUTO_INCREMENT=20 DEFAULT CHARSET=latin1;
/*!40101 SET character_set_client = @saved_cs_client */;

--
-- Dumping data for table `users`
--

LOCK TABLES `users` WRITE;
/*!40000 ALTER TABLE `users` DISABLE KEYS */;
INSERT INTO `users` VALUES (1,'andi','$2y$10$c.e4DK7pVyLT.stmHxgAleWq4yViMmkwKz3x8XCo4b/u3r8g5OTnS',10000.0000),(2,'caesar','$2y$10$0p2dlmu6HnhzEMf9UaUIfuaQP7tFVDMxgFcVs0irhGqhOxt6hJFaa',10000.0000),(3,'eli','$2y$10$COO6EnTVrCPCEddZyWeEJeH9qPCwPkCS0jJpusNiru.XpRN6Jf7HW',10000.0000),(4,'hdan','$2y$10$o9a4ZoHqVkVHSno6j.k34.wC.qzgeQTBHiwa3rpnLq7j2PlPJHo1G',10000.0000),(5,'jason','$2y$10$ci2zwcWLJmSSqyhCnHKUF.AjoysFMvlIb1w4zfmCS7/WaOrmBnLNe',10000.0000),(6,'john','$2y$10$dy.LVhWgoxIQHAgfCStWietGdJCPjnNrxKNRs5twGcMrQvAPPIxSy',10000.0000),(7,'levatich','$2y$10$fBfk7L/QFiplffZdo6etM.096pt4Oyz2imLSp5s8HUAykdLXaz6MK',10000.0000),(8,'rob','$2y$10$3pRWcBbGdAdzdDiVVybKSeFq6C50g80zyPRAxcsh2t5UnwAkG.I.2',10000.0000),(9,'skroob','$2y$10$395b7wODm.o2N7W5UZSXXuXwrC0OtFB17w4VjPnCIn/nvv9e4XUQK',19674.2700),(10,'zamyla','$2y$10$UOaRF0LGOaeHG4oaEkfO4O7vfI34B1W23WqHr9zCpXL68hfQsS3/e',10000.0000),(14,'mohammed','$2y$10$lYHWXgywb4Rqv8ekylhYI.P8FKAOTu62IQYghjn.eaQrDo/UN6zIm',3752.0000),(17,'immakq','$2y$10$maTWyceq6PvUWd23sstytOanWmQ7.A9NQXyHuXMBpazsK/uI3ZTZu',10000.0000),(18,'abdul','$2y$10$OQSWHoYsGbXyonOnYKgQ9.2HsEbz4NxAE5WOjr5M1HYusjSb4evHy',10000.0000),(19,'makqmakq','$2y$10$fXxnYTDn.x6u4AExgStJ4.X7k38cxAzDSihRzrHz2s2JxmUskn0bO',13750.4000);
/*!40000 ALTER TABLE `users` ENABLE KEYS */;
UNLOCK TABLES;
/*!40103 SET TIME_ZONE=@OLD_TIME_ZONE */;

/*!40101 SET SQL_MODE=@OLD_SQL_MODE */;
/*!40014 SET FOREIGN_KEY_CHECKS=@OLD_FOREIGN_KEY_CHECKS */;
/*!40014 SET UNIQUE_CHECKS=@OLD_UNIQUE_CHECKS */;
/*!40101 SET CHARACTER_SET_CLIENT=@OLD_CHARACTER_SET_CLIENT */;
/*!40101 SET CHARACTER_SET_RESULTS=@OLD_CHARACTER_SET_RESULTS */;
/*!40101 SET COLLATION_CONNECTION=@OLD_COLLATION_CONNECTION */;
/*!40111 SET SQL_NOTES=@OLD_SQL_NOTES */;

-- Dump completed on 2016-09-01  2:52:58
